{"cameraMode":{"drawMode":0,"name":"Shaded","section":"Shading Mode"},"sceneLighting":false,"audioPlay":false,"sceneViewState":{"showFog":true,"showMaterialUpdate":true,"showSkybox":false,"showFlares":true,"showImageEffects":true,"showParticleSystems":true},"in2DMode":false,"pivot":{"x":-1.5517232418060303,"y":5.503790855407715,"z":-1.5808477401733399},"rotation":{"x":-0.05758191645145416,"y":-0.9169915914535523,"z":0.3677752614021301,"w":-0.14549823105335236},"size":5.669422149658203,"orthographic":false}